S.no,Item,Qty,Price (INR),Total (INR),Link
1,ESP32,1,556,556,https://www.amazon.in/gp/product/B0GSVM91T5/ref=ox_sc_saved_title_4?smid=A2HQLCMZSRG8NB
2,Rotary Encoder Switch,1,101,101,https://www.amazon.in/Electronic-Spices-KY-040-encoder-development/dp/B0BHWCWJDR/ref=sr_1_1?sr=8-1
3,5V 2A Power Supply,1,289,289,https://robu.in/product/hlk-10m05-5v-10w-switch-power-supply-module/
4,Push button,4,15,60,https://robu.in/product/ds-429-game-switch-starter-push-latching-buttonon-off/
5,Relays,4,149,596,https://robu.in/product/songle-single-channel-5v-30a-relay-module-power-failure-relay/
6,WS2812B RGB LEDs,15,9,135,https://robu.in/product/1-month-warranty-953/
7,Wire,2,16,32,https://robu.in/product/22awg-solid-core-insulated-wire-pvc-red/
8,3D print,1,$7,$7,NA 
,,,,,
For Testing,,,,,
1,Breadboard,1,69,69,https://robu.in/product/mb102-830-points-solderless-prototype-pcb-breadboard-high-quality/
2,Jumper wire (40x),2,49,99,https://robu.in/product/male-to-female-jumper-wires-40pcs-20cm/
,,,,,
Shipping - 75 (INR),,,,,
,,,,,
Total,,,,,
2682 INR,27.99 USD,,,,
(As of 26 Sept 2026),,,,,
